{
  "tokens": {
    "OMG": {
      "name": "OmiseGO",
      "decimals": 18,
      "address": "0xd26114cd6EE289AccF82350c8d8487fedB8A0C07",
      "minimalRecordResolution": "1000000000000000",
      "internal use": true,
      "listed": true
    },
    "KNC": {
      "name": "KyberNetwork",
      "decimals": 18,
      "address": "0xdd974D5C2e2928deA5F71b9825b8b646686BD200",
      "minimalRecordResolution": "1000000000000000",
      "internal use": true,
      "listed": true
    },
    "EOS": {
      "name": "Eos",
      "decimals": 18,
      "address": "0x86Fa049857E0209aa7D9e616F7eb3b3B78ECfdb0",
      "minimalRecordResolution": "1000000000000000",
      "internal use": false,
      "listed": true
    },
    "SNT": {
      "name": "STATUS",
      "decimals": 18,
      "address": "0x744d70fdbe2ba4cf95131626614a1763df805b9e",
      "minimalRecordResolution": "10000000000000000",
      "internal use": true,
      "listed": true
    },
    "ELF": {
      "name": "AELF",
      "decimals": 18,
      "address": "0xbf2179859fc6d5bee9bf9158632dc51678a4100e",
      "minimalRecordResolution": "1000000000000000",
      "internal use": true,
      "listed": true
    },
    "POWR": {
      "name": "Power Ledger",
      "decimals": 6,
      "address": "0x595832f8fc6bf59c85c527fec3740a1b7a361269",
      "minimalRecordResolution": "1000",
      "internal use": true,
      "listed": true
    },
    "MANA": {
      "name": "MANA",
      "decimals": 18,
      "address": "0x0f5d2fb29fb7d3cfee444a200298f468908cc942",
      "minimalRecordResolution": "1000000000000000",
      "internal use": true,
      "listed": true
    },
    "BAT": {
      "name": "Basic Attention Token",
      "decimals": 18,
      "address": "0x0d8775f648430679a709e98d2b0cb6250d2887ef",
      "minimalRecordResolution": "1000000000000000",
      "internal use": true,
      "listed": true
    },
    "REQ": {
      "name": "Request",
      "decimals": 18,
      "address": "0x8f8221afbb33998d8584a2b05749ba73c37a938a",
      "minimalRecordResolution": "1000000000000000",
      "internal use": true,
      "listed": true
    },
    "GTO": {
      "name": "Gifto",
      "decimals": 5,
      "address": "0xc5bbae50781be1669306b9e001eff57a2957b09d",
      "minimalRecordResolution": "10",
      "internal use": true,
      "listed": true
    },
    "RDN": {
      "name": "Raiden",
      "decimals": 18,
      "address": "0x255aa6df07540cb5d3d297f0d0d4d84cb52bc8e6",
      "minimalRecordResolution": "1000000000000000",
      "internal use": true,
      "listed": true
    },
    "APPC": {
      "name": "AppCoins",
      "decimals": 18,
      "address": "0x1a7a8bd9106f2b8d977e08582dc7d24c723ab0db",
      "minimalRecordResolution": "1000000000000000",
      "internal use": true,
      "listed": true
    },
    "ENG": {
      "name": "Enigma",
      "decimals": 8,
      "address": "0xf0ee6b27b759c9893ce4f094b49ad28fd15a23e4",
      "minimalRecordResolution": "10000",
      "internal use": true,
      "listed": true
    },
    "SALT": {
      "name": "Salt",
      "decimals": 8,
      "address": "0x4156d3342d5c385a87d264f90653733592000581",
      "minimalRecordResolution": "10000",
      "internal use": true,
      "listed": true
    },
    "BQX": {
      "name": "Ethos",
      "decimals": 8,
      "address": "0x5Af2Be193a6ABCa9c8817001F45744777Db30756",
      "minimalRecordResolution": "10000",
      "internal use": true,
      "listed": true
    },

    "ADX": {
      "name": "AdEx",
      "decimals": 4,
      "address": "0x4470BB87d77b963A013DB939BE332f927f2b992e",
      "minimalRecordResolution" : "10",
      "internal use": false,
      "listed": true
    },

    "AST": {
      "name": "AirSwap",
      "decimals": 4,
      "address": "0x27054b13b1b798b345b591a4d22e6562d47ea75a",
      "minimalRecordResolution" : "10",
      "internal use": true,
      "listed": true
    },

    "RCN": {
      "name": "Ripio Credit Network",
      "decimals": 18,
      "address": "0xf970b8e36e23f7fc3fd752eea86f8be8d83375a6",
      "minimalRecordResolution" : "10",
      "internal use": false,
      "listed": true
    },

    "ZIL": {
      "name": "Zilliqa",
      "decimals": 12,
      "address": "0x05f4a42e251f2d52b8ed15e9fedaacfcef1fad27",
      "minimalRecordResolution" : "10000000000",
      "internal use": true,
      "listed": true
    },

    "DAI": {
      "name" : "DAI",
      "decimals": 18,
      "address": "0x89d24a6b4ccb1b6faa2625fe562bdd9a23260359",
      "minimalRecordResolution": "1000000000000000",
      "internal use": false,
      "listed": true
    },

    "LINK": {
      "name": "Chain Link",
      "decimals": 18,
      "address": "0x514910771af9ca656af840dff83e8264ecf986ca",
      "minimalRecordResolution" : "1000000000000000",
      "internal use": true,
      "listed": true
    },
    "IOST": {
      "name": "IOStoken",
      "decimals": 18,
      "address": "0xfa1a856cfa3409cfa145fa4e20eb270df3eb21ab",
      "internal use": false,
      "listed": true
    },
    "STORM": {
      "name": "Storm",
      "decimals": 18,
      "address": "0xd0a4b8946cb52f0661273bfbc6fd0e0c75fc6433",
      "internal use": false,
      "listed": true
    },
    "MOT": {
      "name": "Olympus Labs",
      "decimals": 18,
      "address": "0x263c618480dbe35c300d8d5ecda19bbb986acaed",
      "internal use": false,
      "listed": true
    },
    "DGX": {
      "name": "Digix Gold",
      "decimals": 9,
      "address": "0x4f3afec4e5a3f2a6a1a411def7d7dfe50ee057bf",
      "minimalRecordResolution": "10000",
      "internal use": true,
      "listed": true
    },
    "ABT": {
      "name": "ArcBlock",
      "decimals": 18,
      "address": "0xb98d4c97425d9908e66e53a6fdf673acca0be986",
      "minimalRecordResolution": "100000000000000",
      "internal use": true,
      "listed": true
    },
    "ENJ": {
      "name": "EnjinCoin",
      "decimals": 18,
      "address": "0xf629cbd94d3791c9250152bd8dfbdf380e2a3b9c",
      "minimalRecordResolution": "1000000000000000",
      "internal use": true,
      "listed": true
    },
    "AION": {
      "name": "Aion",
      "decimals": 8,
      "address": "0x4CEdA7906a5Ed2179785Cd3A40A69ee8bc99C466",
      "minimalRecordResolution": "100000",
      "internal use": true,
      "listed": true
    },
    "AE": {
      "name": "Aeternity",
      "decimals": 18,
      "address": "0x5ca9a71b1d01849c0a95490cc00559717fcf0d1d",
      "minimalRecordResolution": "1000000000000000",
      "internal use": true,
      "listed": true
    },
    "BLZ": {
      "name": "Bluezelle",
      "decimals": 18,
      "address": "0x5732046a883704404f284ce41ffadd5b007fd668",
      "minimalRecordResolution": "100000000000000",
      "internal use": true,
      "listed": true
    },
    "PAL": {
      "name": "PolicyPal Network",
      "decimals": 18,
      "address": "0xfedae5642668f8636a11987ff386bfd215f942ee",
      "minimalRecordResolution": "100000000000000",
      "internal use": false,
      "listed": true
    },
    "ELEC": {
      "name": "ElectrifyAsia",
      "decimals": 18,
      "address": "0xd49ff13661451313ca1553fd6954bd1d9b6e02b9",
      "minimalRecordResolution": "100000000000000",
      "internal use": false,
      "listed": true
    },
    "BBO": {
      "name": "Bigbom",
      "decimals": 18,
      "address": "0x84f7c44b6fed1080f647e354d552595be2cc602f",
      "minimalRecordResolution": "100000000000000",
      "internal use": false,
      "listed": true
    },
    "POLY": {
      "name": "Polymath",
      "decimals": 18,
      "address": "0x9992ec3cf6a55b00978cddf2b27bc6882d88d1ec",
      "minimalRecordResolution": "1000000000000000",
      "internal use": true,
      "listed": true
    },
    "LBA": {
      "name": "Libra Credit",
      "decimals": 18,
      "address": "0xfe5f141bf94fe84bc28ded0ab966c16b17490657",
      "minimalRecordResolution": "1000000000000000",
      "internal use": true,
      "listed": true
    },
    "EDU": {
      "name": "EduCoin",
      "decimals": 18,
      "address": "0xf263292e14d9d8ecd55b58dad1f1df825a874b7c",
      "minimalRecordResolution": "100000000000000000",
      "internal use": true,
      "listed": true
    },
    "CVC": {
      "name": "Civic",
      "decimals": 8,
      "address": "0x41e5560054824eA6B0732E656E3Ad64E20e94E45",
      "minimalRecordResolution": "100000",
      "internal use": true,
      "listed": true
    },
    "WAX": {
      "name": "Wax",
      "decimals": 8,
      "address": "0x39bb259f66e1c59d5abef88375979b4d20d98022",
      "minimalRecordResolution": "1000000",
      "internal use": true,
      "listed": true
    },
    "SUB": {
      "name": "Substratum",
      "decimals": 2,
      "address": "0x12480e24eb5bec1a9d4369cab6a80cad3c0a377a",
      "minimalRecordResolution": "1",
      "internal use": true,
      "listed": true
    },
    "POE": {
      "name": "Po.et",
      "decimals": 8,
      "address": "0x0e0989b1f9b8a38983c2ba8053269ca62ec9b195",
      "minimalRecordResolution": "1000000",
      "internal use": true,
      "listed": true
    },
    "PAY": {
      "name": "TenX",
      "decimals": 18,
      "address": "0xB97048628DB6B661D4C2aA833e95Dbe1A905B280",
      "minimalRecordResolution": "1000000000000000",
      "internal use": true,
      "listed": true
    },
    "CHAT": {
      "name": "Chatcoin",
      "decimals": 18,
      "address": "0x442bc47357919446eabc18c7211e57a13d983469",
      "minimalRecordResolution": "10000000000000000",
      "internal use": true,
      "listed": true
    },
    "REP": {
      "name": "Augur",
      "decimals": 18,
      "address": "0x1985365e9f78359a9b6ad760e32412f4a445e862",
      "minimalRecordResolution": "100000",
      "internal use": false,
      "listed": true
    },
    "DTA": {
      "name": "Data",
      "decimals": 18,
      "address": "0x69b148395ce0015c13e36bffbad63f49ef874e03",
      "minimalRecordResolution": "100000000000000000",
      "internal use": true,
      "listed": true
    },
    "BNT": {
      "name": "Bancor",
      "decimals": 18,
      "address": "0x1f573d6fb3f13d689ff844b4ce37794d79a7ff1c",
      "minimalRecordResolution": "1000000000000000",
      "internal use": true,
      "listed": true
    },
    "TUSD": {
      "name": "TrueUSD",
      "decimals": 18,
      "address": "0x8dd5fbCe2F6a956C3022bA3663759011Dd51e73E",
      "minimalRecordResolution": "10000000000000000",
      "internal use": true,
      "listed": true
    },
    "MDS": {
      "name": "MediShares Token",
      "decimals": 18,
      "address": "0x66186008C1050627F979d464eABb258860563dbE",
      "minimalRecordResolution": "10000000000000000",
      "internal use": false,
      "listed": true
    },
    "LEND": {
      "name": "EthLend",
      "decimals": 18,
      "address": "0x80fB784B7eD66730e8b1DBd9820aFD29931aab03",
      "internal use": false,
      "listed": true
    },
    "WINGS": {
      "name": "WINGS",
      "decimals": 18,
      "address": "0x667088b212ce3d06a1b553a7221E1fD19000d9aF",
      "internal use": false,
      "listed": true
    },
    "MTL": {
      "name": "Metal",
      "decimals": 8,
      "address": "0xF433089366899D83a9f26A773D59ec7eCF30355e",
      "internal use": false,
      "listed": true
    },
    "WABI": {
      "name": "WaBi",
      "decimals": 18,
      "address": "0x286BDA1413a2Df81731D4930ce2F862a35A609fE",
      "internal use": false,
      "listed": true
    },
    "ETH": {
      "name": "Ethereum",
      "decimals": 18,
      "address": "0xeeeeeeeeeeeeeeeeeeeeeeeeeeeeeeeeeeeeeeee",
      "internal use": true,
      "listed": true
    }
  },
  "exchanges": {
    "binance": {
      "ETH": "0x1ae659f93ba2fc0a1f379545cf9335adb75fa547",
      "OMG": "0x1ae659f93ba2fc0a1f379545cf9335adb75fa547",
      "KNC": "0x1ae659f93ba2fc0a1f379545cf9335adb75fa547",
      "SNT": "0x1ae659f93ba2fc0a1f379545cf9335adb75fa547",
      "ELF": "0x1ae659f93ba2fc0a1f379545cf9335adb75fa547",
      "POWR": "0x1ae659f93ba2fc0a1f379545cf9335adb75fa547",
      "MANA": "0x1ae659f93ba2fc0a1f379545cf9335adb75fa547",
      "BAT": "0x1ae659f93ba2fc0a1f379545cf9335adb75fa547",
      "REQ": "0x1ae659f93ba2fc0a1f379545cf9335adb75fa547",
      "GTO": "0x1ae659f93ba2fc0a1f379545cf9335adb75fa547",
      "ENG": "0x1ae659f93ba2fc0a1f379545cf9335adb75fa547",
      "SALT": "0x1ae659f93ba2fc0a1f379545cf9335adb75fa547",
      "APPC": "0x1ae659f93ba2fc0a1f379545cf9335adb75fa547",
      "RDN": "0x1ae659f93ba2fc0a1f379545cf9335adb75fa547",
      "BQX": "0x1ae659f93ba2fc0a1f379545cf9335adb75fa547",
      "ZIL": "0x1ae659f93ba2fc0a1f379545cf9335adb75fa547",
      "AST": "0x1ae659f93ba2fc0a1f379545cf9335adb75fa547",
      "LINK": "0x1ae659f93ba2fc0a1f379545cf9335adb75fa547",
      "ENJ": "0x1ae659f93ba2fc0a1f379545cf9335adb75fa547",
      "AION": "0x1ae659f93ba2fc0a1f379545cf9335adb75fa547",
      "AE": "0x1ae659f93ba2fc0a1f379545cf9335adb75fa547",
      "BLZ": "0x1ae659f93ba2fc0a1f379545cf9335adb75fa547"
    },
    "bittrex": {
      "ETH": "0xe0355aa3cc0a4e0e4b2a70acd90c2fa961f61b23",
      "OMG": "0xe0355aa3cc0a4e0e4b2a70acd90c2fa961f61b23",
      "SNT": "0xe0355aa3cc0a4e0e4b2a70acd90c2fa961f61b23",
      "POWR": "0xe0355aa3cc0a4e0e4b2a70acd90c2fa961f61b23",
      "MANA": "0xe0355aa3cc0a4e0e4b2a70acd90c2fa961f61b23",
      "BAT": "0xe0355aa3cc0a4e0e4b2a70acd90c2fa961f61b23",
      "ENG": "0xe0355aa3cc0a4e0e4b2a70acd90c2fa961f61b23",
      "SALT": "0xe0355aa3cc0a4e0e4b2a70acd90c2fa961f61b23"
    },
    "huobi": {
      "ETH": "0xb48ee85467bf613a22244084c1a46c2deac18dd0",
      "ABT": "0xb48ee85467bf613a22244084c1a46c2deac18dd0",
      "POLY": "0xb48ee85467bf613a22244084c1a46c2deac18dd0",
      "LBA": "0xb48ee85467bf613a22244084c1a46c2deac18dd0",
      "EDU": "0xb48ee85467bf613a22244084c1a46c2deac18dd0",
      "CVC": "0xb48ee85467bf613a22244084c1a46c2deac18dd0"
    },
    "stable_exchange": {
      "ETH": "0xFDF28Bf25779ED4cA74e958d54653260af604C20",
      "DGX": "0xFDF28Bf25779ED4cA74e958d54653260af604C20"
    }
  },
  "permission": {
    "KyberNetwork": {
      "admin": "0xd0643BC0D0C879F175556509dbcEe9373379D5C3",
      "operator": [
        "0xd0643BC0D0C879F175556509dbcEe9373379D5C3"
      ],
      "alerter": []
    },
    "internal network": {
      "admin": "0xF9eF59dB62f56aF114380A7496Fd51172dafD41d",
      "operator": [
        "0xd0643BC0D0C879F175556509dbcEe9373379D5C3"
      ],
      "alerter": []
    },
    "KyberReserve": {
      "admin": "0xF9eF59dB62f56aF114380A7496Fd51172dafD41d",
      "operator": [
        "0x8C3151b751F2409697E35F62D016713593F64Eef"
      ],
      "alerter": []
    },
    "ConversionRates": {
      "admin": "0xBC42b8d87086B7b609F80C1bEa0D15A094d5a516",
      "operator": [
        "0xeae89c711c02468dea8ee1ade4fa78b79ac9379a",
        "0x9224016462B204C57Eb70e1D69652f60bcAF53A8"
      ],
      "alerter": []
    },
    "FeeBurner": {
      "admin": "0x21F259eE25b7AA43DC19BFe7DBB3f149D6231d1b",
      "operator": [
        "0xd0643BC0D0C879F175556509dbcEe9373379D5C3"
      ],
      "alerter": []
    },
    "FeeBurner Wrapper": {
      "admin": "0x4A48312f6981484C4204D8501ad3d93f4f4571BF",
      "operator": [
        "0x4A48312f6981484C4204D8501ad3d93f4f4571BF",
        "0x3A9b02c14d967333cE68E353a64653E258da2BAa"
      ],
      "alerter": []
    },
    "WhiteList": {
      "admin": "0xBC33a1F908612640F2849b56b67a4De4d179C151",
      "operator": [
        "0x4a48312f6981484c4204d8501ad3d93f4f4571bf",
        "0xf214dde57f32f3f34492ba3148641693058d4a9e"
      ],
      "alerter": []
    },
    "ExpectedRate": {
      "admin": "0xd0643BC0D0C879F175556509dbcEe9373379D5C3",
      "operator": [
        "0xd0643BC0D0C879F175556509dbcEe9373379D5C3"
      ],
      "alerter": []
    },
    "SanityRate": {
      "admin": "0x7c8cff2c659a3ee23869497a56129f3da92e8f38",
      "operator": [
        "0xD8c82F3D30a7d0839264D76e9124A89cFd70bD9D"
      ],
      "alerter": []
    }
  },
  "whitelist params": {
    "testers": [
      "0x053a9f418F7BE3391A2821BE23b418a909f42F54",
      "0x0d225f12898e0ca01867290a61f4cbfe11a1da8a",
      "0x12f0453c1947269842c5646df98905533c1b9519",
      "0x42bbe426b1796b8eca6444928e874a58ee124973",
      "0xb2d904d1981080C9002818D833819e33a58F8388",
      "0x3Cf628d49Ae46b49b210F0521Fbd9F82B461A9E1",
      "0xdde0a80664fbbdb56e2cd82f725cd3be1f9bb6d3",
      "0xC825Ef342d94B687590E123BBB27994ccBfFcc35",
      "0x8180a5CA4E3B94045e05A9313777955f7518D757",
      "0x4a48312f6981484c4204d8501ad3d93f4f4571bf",
      "0xd0643bc0d0c879f175556509dbcee9373379d5c3"
    ],
    "testers category": 9,
    "testers cap": 5000,
    "KGT address": "0xfce10cbf5171dc12c215bbcca5dd75cbaea72506",
    "KGT cap": 0,
    "users": [
      "0x943252227f9cbfa10ee85912069171813e07b5df",
      "0x85f160b182fe02d82cc771753a67425dc7da4bfd",
      "0x3cf628d49ae46b49b210f0521fbd9f82b461a9e1",
      "0xc137d86197f8df68038ca79df9464b5ed83b46f5",
      "0x759604f9ae53af58905e2ed23ea2c6a7bcd4c881",
      "0xbfe8d9a90bbebdb725333ecff6a947045514d86e",
      "0x107d1e7d288525d8c0112a38e881a1119546ec99",
      "0xc96dff7ddc0d9aebdc84572ea7f463341b0c3499",
      "0xefb8085ef21ab0818bb070e5881bce01da322319",
      "0x2c7f07e07459340025046bf77c2fdcc1c86fd4ff",
      "0xcf298e820ec1c37d09378ed45f13081fe18af030",
      "0x805e04be44fa0abe67c9daeb2d63dfe11ebb0b7a",
      "0xb2d904d1981080c9002818d833819e33a58f8388",
      "0xd64fd8f71b147071b58e849a172e443a34afb900",
      "0xf214dde57f32f3f34492ba3148641693058d4a9e",
      "0x7aab84d251f67a79126bc2188cf4a1e5e29f36b4",
      "0x36890b6d03820f4d2b8dadd383a1045c05f2d89d",
      "0x34409fda33b9ac5ad4c57f1e3113fe21c19a5294",
      "0x538597d67c503fca3bc169e61790fc5003e5081d",
      "0xfdc280b6733f3ae7f2420f3124cdcd9152de3827",
      "0x759604f9ae53af58905e2ed23ea2c6a7bcd4c881",
      "0x3f105f78359ad80562b4c34296a87b8e66c584c5",
      "0x441bae4cda3c6feccfc98add2f2ed363d9ebc090",
      "0x4a48312f6981484c4204d8501ad3d93f4f4571bf",
      "0x0c3b2b708b42f99df2c0c822b9fb8fc43a5e329e",
      "0x80c2c1ceb335e39b7021c646fd3ec159faf9109d",
      "0xffaa5d3ece144954bf5b98977857f521972f729c",
      "0xcfc84a1061978527a41f561ae6ed8a86fa68d44c",
      "0x8180a5ca4e3b94045e05a9313777955f7518d757",
      "0xf214dde57f32f3f34492ba3148641693058d4a9e",
      "0x6d15a2372efbe32550bc02831524f9c77fb05514",
      "0xefb8085ef21ab0818bb070e5881bce01da322319",
      "0xe2da6286d17d589a87f58c4a1aa136d5809ca617",
      "0x43116e303b1b001bd08f6eaf8debea50d0a8cbc9",
      "0x453c1e38772cfe2f8550da4a47a6624b8c5ccd39",
      "0xd0643bc0d0c879f175556509dbcee9373379d5c3",
      "0x0f114bcde33f3d8b5c2034810d21a030808fbb61",
      "0xffaa5d3ece144954bf5b98977857f521972f729c",
      "0xcfc84a1061978527a41f561ae6ed8a86fa68d44c",
      "0x42bbe426b1796b8eca6444928e874a58ee124973",
      "0xc4ae4aedcb717b6f04cac9492c70ed85412048ed",
      "0xfdc63f4f9ddfaeb7fbf0fca4e09178efac765a85",
      "0x79c1565c052808bb81df554581888dc077567222",
      "0x9e1fe268f3f84400cebd8fe6dda5fdb0f8ae9ea9",
      "0x1c67a930777215c9d4c617511c229e55fa53d0f8",
      "0x0d225f12898e0ca01867290a61f4cbfe11a1da8a",
      "0x12f0453c1947269842c5646df98905533c1b9519",
      "0x29641cd7f394dff57eaa6ebca31c88e5b84d6b4c",
      "0xe9dcde10206cbbd76c52944ff0eec832c886bbc6"
    ],
    "users category": 1,
    "users cap": 5000,
    "default cap": 0
  },
  "max gas price": "200000000000",
  "neg diff in bps": 20,
  "min expected rate slippage": 300,
  "KNC wallet": "0xd0643bc0d0c879f175556509dbcee9373379d5c3",
  "KNC to ETH rate": 550,
  "valid duration block": 11520,
  "tax fees bps": 2000,
  "tax wallet address": "0x1BE6064cA70e40A39473372bE0ac8a5e16F7Be45",
  "reserve": "0x2C5a182d280EeB5824377B98CD74871f78d6b8BC",
  "pricing": "0xe3E415a7a6c287a95DC68a01ff036828073fD2e6",
  "network": "0xC14f34233071543E979F6A79AA272b0AB1B4947D",
  "internal network": "0x706aBcE058DB29eB36578c463cf295F180a1Fe9C",
  "wrapper": "0x6172AFC8c00c46E0D07ce3AF203828198194620a",
  "feeburner": "0xd6703974Dc30155d768c058189A2936Cf7C62Da6",
  "feeburner wrapper": "0x21F259eE25b7AA43DC19BFe7DBB3f149D6231d1b",
  "feeburner wrapper proxy": "0xa2617f04cc74ffb8099D1eb94C3927025a4e5401",
  "kyber register wallet": "0xa3f1f577b6Dd7Aaf3FdE5cC12fa99c4406f7C800",
  "whitelist": "0x1b8a28d2185a7ab86ae40303b39f33278cc42130",
  "third_party_reserves": [
    "0xe1213e46efcb8785b47ae0620a51f490f747f1da",
    "0x6f50e41885fdc44dbdf7797df0393779a9c0a3a6",
    "0x1f58a138c976ceface828fd9e0b82295e85e7c81"
  ]
}
